Perturbation,Severity,Attn_Entropy,Max_Attn,Amp_Ratio,Prop_Radius,TCS
Token_Corruption,1,2.7599617068508766,0.16916303775596145,1.0,1.0,0.050016411882020335
Token_Corruption,2,2.5688805472662697,0.24113891537450466,1.0,2.0,0.05001422751674869
Token_Corruption,5,2.0284155596825437,0.41181744088775396,1.0,5.0,0.050010493181790606
