Perturbation,Intensity,Mahalanobis_AUROC,RLCS_AUROC,Euclidean_AUROC
noise,0.05,0.979732,0.7908520000000001,0.7908520000000001
noise,0.1,1.0,0.997672,0.997672
noise,0.5,1.0,1.0,1.0
shock,1.5,0.9580719111969112,0.9981599903474904,0.9981599903474904
shock,2.0,0.9987532175032174,1.0,1.0
shock,5.0,1.0,1.0,1.0
drift,0.5,1.0,1.0,1.0
drift,2.0,1.0,1.0,1.0
